run_id,n_cycles,g_start_S,g_end_S,g_min_S,g_max_S,g_mean_S,g_std_S,drift_pct,slope_S_per_cycle,r2_linear,window_last_n,cv_last_window,lrs_drift_pct,hrs_drift_pct,window_ratio_mean,window_ratio_min,window_ratio_max,notes
endurance_cycles_200,400,7.954771083300098e-05,3.3016149669743443e-06,2.006291249211297e-06,8.072083094990564e-05,2.5927735176395412e-05,2.5398671431444802e-05,-95.84951605470381,-1.2860206242149743e-07,0.08545584149076457,40,0.7946193331061506,-95.84951605470381,63.27037939068182,9.366967420686546,4.308616149210373,20.61692743554511,
