{
  "run_id": "endurance_cycles_200",
  "n_cycles": 400,
  "g_start_S": 7.954771083300098e-05,
  "g_end_S": 3.3016149669743443e-06,
  "g_min_S": 2.006291249211297e-06,
  "g_max_S": 8.072083094990564e-05,
  "g_mean_S": 2.5927735176395412e-05,
  "g_std_S": 2.5398671431444802e-05,
  "drift_pct": -95.84951605470381,
  "slope_S_per_cycle": -1.2860206242149743e-07,
  "r2_linear": 0.08545584149076457,
  "window_last_n": 40,
  "cv_last_window": 0.7946193331061506,
  "lrs_drift_pct": -95.84951605470381,
  "hrs_drift_pct": 63.27037939068182,
  "window_ratio_mean": 9.366967420686546,
  "window_ratio_min": 4.308616149210373,
  "window_ratio_max": 20.61692743554511,
  "notes": ""
}