{
  "run_id": "iv_sweep",
  "vread_V": 0.2,
  "ion_A": 2.6493673902152527e-06,
  "ioff_A": 1.3695904330399267e-06,
  "on_off_ratio": 1.934423113875546,
  "vset_V": null,
  "vreset_V": 0.4,
  "hysteresis_area": 4.137385674488059e-06,
  "notes": "No clear SET jump detected."
}