run_id,t0_s,t_end_s,g0_S,g_end_S,retention_ratio,t50_s,tau_s,r2_exp,g_inf_S,notes
retention_reads,0.0,2000.0,5.945999619697272e-05,1.9941335474482887e-05,0.33537397830338506,177.2888759064335,158.72825385299157,0.9554788222964319,1.9941335474482887e-05,
