{
  "run_id": "retention_reads",
  "t0_s": 0.0,
  "t_end_s": 2000.0,
  "g0_S": 5.945999619697272e-05,
  "g_end_S": 1.9941335474482887e-05,
  "retention_ratio": 0.33537397830338506,
  "t50_s": 177.2888759064335,
  "tau_s": 158.72825385299157,
  "r2_exp": 0.9554788222964319,
  "g_inf_S": 1.9941335474482887e-05,
  "notes": ""
}